Workbook

Sheet S7
A8: RELEVÉ DE NOTES
A11: SEMESTRE 7
A12: MATIÈRES | B12: COEF | C12: NOTE /20 | D12: NOTE PONDÉRÉE | E12: SUR
A13: Analyse du Cycle de Vie d'une Mine | B13: 2 | C13: 14 | D13: =IF(OR(B13="",C13=""),"",C13*B13) -> 28 | E13: =IF(B13="","",B13*20) -> 40
A14: Cadre Légal de l’Activité Minière | B14: 2 | C14: 13 | D14: =IF(OR(B14="",C14=""),"",C14*B14) -> 26 | E14: =IF(B14="","",B14*20) -> 40
A15: Responsabilité Civile dans la Gestion de l’Environnement | B15: 2 | C15: 13.5 | D15: =IF(OR(B15="",C15=""),"",C15*B15) -> 27 | E15: =IF(B15="","",B15*20) -> 40
A16: Système de Management Environnemental | B16: 2 | C16: 12.5 | D16: =IF(OR(B16="",C16=""),"",C16*B16) -> 25 | E16: =IF(B16="","",B16*20) -> 40
A17: Système de Management en Santé Sécurité | B17: 2 | C17: 13 | D17: =IF(OR(B17="",C17=""),"",C17*B17) -> 26 | E17: =IF(B17="","",B17*20) -> 40
A18: Etude d'Impact Environnementale et Sociale | B18: 2 | C18: 15 | D18: =IF(OR(B18="",C18=""),"",C18*B18) -> 30 | E18: =IF(B18="","",B18*20) -> 40
A19: Procédure des Bailleurs de Fonds | B19: 2 | C19: 14 | D19: =IF(OR(B19="",C19=""),"",C19*B19) -> 28 | E19: =IF(B19="","",B19*20) -> 40
A20: Transport et Stockage des Produits Dangereux | B20: 2 | C20: 13.5 | D20: =IF(OR(B20="",C20=""),"",C20*B20) -> 27 | E20: =IF(B20="","",B20*20) -> 40
A21: Prévention Incendie Sauvetage Secourisme | B21: 2 | C21: 13 | D21: =IF(OR(B21="",C21=""),"",C21*B21) -> 26 | E21: =IF(B21="","",B21*20) -> 40
A22: TOTAL | B22: =SUM(B13:B21) -> 18 | D22: =SUM(D13:D21) -> 243 | E22: =SUM(E13:E21) -> 360
A23: MOYENNE S7 | B23: =IF(OR(COUNTA(A13:A21)=0,COUNT(C13:C21)<COUNTA(A13:A21)),"",TRUNC(D22/B22,2)) -> 13.5
A24: DÉCISION | B24: =IF(B23="","",IF(B23>=10,"ADMIS(E)","AJOURNÉ(E)")) -> ADMIS(E)
A25: MENTION | B25: =IF(B23="","",IF(B23>=16,"Très bien",IF(B23>=14,"Bien",IF(B23>=12,"Assez bien",IF(B23>=10,"Passable",""))))) -> Assez bien

Sheet S8
A8: RELEVÉ DE NOTES
A11: SEMESTRE 8
A12: MATIÈRES | B12: COEF | C12: NOTE /20 | D12: NOTE PONDÉRÉE | E12: SUR
A13: Droit International Humanitaire | B13: 1 | C13: 14 | D13: =IF(OR(B13="",C13=""),"",C13*B13) -> 14 | E13: =IF(B13="","",B13*20) -> 20
A14: Principes Volontaires des Droits Humains et de Sécurité | B14: 1 | C14: 13 | D14: =IF(OR(B14="",C14=""),"",C14*B14) -> 13 | E14: =IF(B14="","",B14*20) -> 20
A15: Techniques de Communication | B15: 1 | C15: 15 | D15: =IF(OR(B15="",C15=""),"",C15*B15) -> 15 | E15: =IF(B15="","",B15*20) -> 20
A16: Gestion des Ressources Humaines | B16: 1 | C16: 12 | D16: =IF(OR(B16="",C16=""),"",C16*B16) -> 12 | E16: =IF(B16="","",B16*20) -> 20
A17: Responsabilité Sociale des Entreprises | B17: 1 | C17: 16 | D17: =IF(OR(B17="",C17=""),"",C17*B17) -> 16 | E17: =IF(B17="","",B17*20) -> 20
A18: Informatique | B18: 1 | C18: 14 | D18: =IF(OR(B18="",C18=""),"",C18*B18) -> 14 | E18: =IF(B18="","",B18*20) -> 20
D19: =IF(OR(B19="",C19=""),"",C19*B19) | E19: =IF(B19="","",B19*20)
D20: =IF(OR(B20="",C20=""),"",C20*B20) | E20: =IF(B20="","",B20*20)
D21: =IF(OR(B21="",C21=""),"",C21*B21) | E21: =IF(B21="","",B21*20)
A22: TOTAL | B22: =SUM(B13:B21) -> 6 | D22: =SUM(D13:D21) -> 84 | E22: =SUM(E13:E21) -> 120
A23: MOYENNE S8 | B23: =IF(OR(COUNTA(A13:A21)=0,COUNT(C13:C21)<COUNTA(A13:A21)),"",TRUNC(D22/B22,2)) -> 14
A24: MOYENNE S7/S8 | B24: =IF(OR('S7'!$B$23="",B23=""),"",TRUNC(('S7'!$B$23+B23)/2,2)) -> 13.75
A25: DÉCISION | B25: =IF(B23="","",IF(B23>=10,"ADMIS(E)","AJOURNÉ(E)")) -> ADMIS(E)
A26: MENTION | B26: =IF(B23="","",IF(B23>=16,"Très bien",IF(B23>=14,"Bien",IF(B23>=12,"Assez bien",IF(B23>=10,"Passable",""))))) -> Bien

Sheet S9
A8: RELEVÉ DE NOTES
A11: SEMESTRE 9
A12: MATIÈRES | B12: COEF | C12: NOTE /20 | D12: NOTE PONDÉRÉE | E12: SUR
A13: Mécanisme de Développement Propre crédit Carbonne | B13: 2 | C13: 15 | D13: =IF(OR(B13="",C13=""),"",C13*B13) -> 30 | E13: =IF(B13="","",B13*20) -> 40
A14: Plan de Gestion Environnemental et Social | B14: 2 | C14: 14 | D14: =IF(OR(B14="",C14=""),"",C14*B14) -> 28 | E14: =IF(B14="","",B14*20) -> 40
A15: Evaluation des Ressources | B15: 2 | C15: 13.5 | D15: =IF(OR(B15="",C15=""),"",C15*B15) -> 27 | E15: =IF(B15="","",B15*20) -> 40
A16: Energie dans l’Industrie | B16: 2 | C16: 14.5 | D16: =IF(OR(B16="",C16=""),"",C16*B16) -> 29 | E16: =IF(B16="","",B16*20) -> 40
A17: Statistique | B17: 2 | C17: 13.5 | D17: =IF(OR(B17="",C17=""),"",C17*B17) -> 27 | E17: =IF(B17="","",B17*20) -> 40
A18: Incidence Santé Sécurité dans les Mines et les Grands Travaux | B18: 1 | C18: 15.75 | D18: =IF(OR(B18="",C18=""),"",C18*B18) -> 15.75 | E18: =IF(B18="","",B18*20) -> 20
D19: =IF(OR(B19="",C19=""),"",C19*B19) | E19: =IF(B19="","",B19*20)
D20: =IF(OR(B20="",C20=""),"",C20*B20) | E20: =IF(B20="","",B20*20)
D21: =IF(OR(B21="",C21=""),"",C21*B21) | E21: =IF(B21="","",B21*20)
A22: TOTAL | B22: =SUM(B13:B21) -> 11 | D22: =SUM(D13:D21) -> 156.75 | E22: =SUM(E13:E21) -> 220
A23: MOYENNE S9 | B23: =IF(OR(COUNTA(A13:A21)=0,COUNT(C13:C21)<COUNTA(A13:A21)),"",TRUNC(D22/B22,2)) -> 14.25
A24: DÉCISION | B24: =IF(B23="","",IF(B23>=10,"ADMIS(E)","AJOURNÉ(E)")) -> ADMIS(E)
A25: MENTION | B25: =IF(B23="","",IF(B23>=16,"Très bien",IF(B23>=14,"Bien",IF(B23>=12,"Assez bien",IF(B23>=10,"Passable",""))))) -> Bien

Sheet S10
A8: RELEVÉ DE NOTES
A11: SEMESTRE 10
A12: MATIÈRES | B12: COEF | C12: NOTE /20 | D12: NOTE PONDÉRÉE | E12: SUR
A13: Métallurgie Métallogénie | B13: 2 | C13: 12.5 | D13: =IF(OR(B13="",C13=""),"",C13*B13) -> 25 | E13: =IF(B13="","",B13*20) -> 40
A14: Gestion des Déchets | B14: 2 | C14: 14.65 | D14: =IF(OR(B14="",C14=""),"",C14*B14) -> 29.3 | E14: =IF(B14="","",B14*20) -> 40
A15: Réhabilitation Plan de Fermeture d'une Mine | B15: 2 | C15: 14 | D15: =IF(OR(B15="",C15=""),"",C15*B15) -> 28 | E15: =IF(B15="","",B15*20) -> 40
A16: Epidémiologie | B16: 2 | C16: 13.5 | D16: =IF(OR(B16="",C16=""),"",C16*B16) -> 27 | E16: =IF(B16="","",B16*20) -> 40
A17: Dynamite - Dynamitage | B17: 2 | C17: 13 | D17: =IF(OR(B17="",C17=""),"",C17*B17) -> 26 | E17: =IF(B17="","",B17*20) -> 40
D18: =IF(OR(B18="",C18=""),"",C18*B18) | E18: =IF(B18="","",B18*20)
D19: =IF(OR(B19="",C19=""),"",C19*B19) | E19: =IF(B19="","",B19*20)
D20: =IF(OR(B20="",C20=""),"",C20*B20) | E20: =IF(B20="","",B20*20)
D21: =IF(OR(B21="",C21=""),"",C21*B21) | E21: =IF(B21="","",B21*20)
A22: TOTAL | B22: =SUM(B13:B21) -> 10 | D22: =SUM(D13:D21) -> 135.3 | E22: =SUM(E13:E21) -> 200
A23: MOYENNE S10 | B23: =IF(OR(COUNTA(A13:A21)=0,COUNT(C13:C21)<COUNTA(A13:A21)),"",TRUNC(D22/B22,2)) -> 13.53
A24: MOYENNE S9/S10 | B24: =IF(OR('S9'!$B$23="",B23=""),"",TRUNC(('S9'!$B$23+B23)/2,2)) -> 13.89
A25: DÉCISION | B25: =IF(B23="","",IF(B23>=10,"ADMIS(E)","AJOURNÉ(E)")) -> ADMIS(E)
A26: MENTION | B26: =IF(B23="","",IF(B23>=16,"Très bien",IF(B23>=14,"Bien",IF(B23>=12,"Assez bien",IF(B23>=10,"Passable",""))))) -> Assez bien

Sheet Récapitulatif
A1: RÉCAPITULATIF DES MOYENNES
B4: MOYENNE | C4: MENTION
A5: Semestre 7 | B5: ='S7'!$B$23 -> 13.5 | C5: =IF(B5="","",IF(B5>=16,"Très bien",IF(B5>=14,"Bien",IF(B5>=12,"Assez bien",IF(B5>=10,"Passable",""))))) -> Assez bien
A6: Semestre 8 | B6: ='S8'!$B$23 -> 14 | C6: =IF(B6="","",IF(B6>=16,"Très bien",IF(B6>=14,"Bien",IF(B6>=12,"Assez bien",IF(B6>=10,"Passable",""))))) -> Bien
A7: MOYENNE MASTER 1 | B7: =IF(OR(B5="",B6=""),"",TRUNC((B5+B6)/2,2)) -> 13.75 | C7: =IF(B7="","",IF(B7>=16,"Très bien",IF(B7>=14,"Bien",IF(B7>=12,"Assez bien",IF(B7>=10,"Passable",""))))) -> Assez bien
A8: Semestre 9 | B8: ='S9'!$B$23 -> 14.25 | C8: =IF(B8="","",IF(B8>=16,"Très bien",IF(B8>=14,"Bien",IF(B8>=12,"Assez bien",IF(B8>=10,"Passable",""))))) -> Bien
A9: Semestre 10 | B9: ='S10'!$B$23 -> 13.53 | C9: =IF(B9="","",IF(B9>=16,"Très bien",IF(B9>=14,"Bien",IF(B9>=12,"Assez bien",IF(B9>=10,"Passable",""))))) -> Assez bien
A10: MOYENNE MASTER 2 | B10: =IF(OR(B8="",B9=""),"",TRUNC((B8+B9)/2,2)) -> 13.89 | C10: =IF(B10="","",IF(B10>=16,"Très bien",IF(B10>=14,"Bien",IF(B10>=12,"Assez bien",IF(B10>=10,"Passable",""))))) -> Assez bien
A11: MOYENNE GÉNÉRALE | B11: =IF(OR(B7="",B10=""),"",TRUNC((B7+B10)/2,2)) -> 13.82 | C11: =IF(B11="","",IF(B11>=16,"Très bien",IF(B11>=14,"Bien",IF(B11>=12,"Assez bien",IF(B11>=10,"Passable",""))))) -> Assez bien
A13: DÉCISION FINALE | B13: =IF(B11="","",IF(B11>=10,"ADMIS(E)","AJOURNÉ(E)")) -> ADMIS(E)
